pressure_Torr,pressure_Pa,G_gas_W_m2K,glass-glass_G_rad_W_m2K,glass-glass_radiation_fraction,steel-glass_G_rad_W_m2K,steel-glass_radiation_fraction,gold-ceramic_G_rad_W_m2K,gold-ceramic_radiation_fraction
1e-05,0.0013332200000000002,0.0011994030971971947,7.293393163636362,0.9998355764100292,1.7440722782608695,0.9993127699773001,0.17809547507886436,0.993310444172201
1.0370345212526297e-05,0.001382595164424431,0.0012438214511919278,7.293393163636362,0.9998294882317331,1.7440722782608695,0.9992873374333755,0.17809547507886436,0.9930644232733261
1.0754405982696687e-05,0.0014337989144250878,0.0012898847448255106,7.293393163636362,0.999823174668965,1.7440722782608695,0.9992609644163455,0.17809547507886436,0.9928094201996569
1.1152690259622275e-05,0.001486898970793361,0.0013376538921553488,7.293393163636362,0.9998166273813777,1.7440722782608695,0.9992336162024096,0.17809547507886436,0.9925451119320815
1.1565724804066228e-05,0.0015419655623277176,0.0013871920627472932,7.293393163636362,0.9998098377202456,1.7440722782608695,0.9992052567897838,0.17809547507886436,0.9922711642029879
1.1994055885124486e-05,0.0015990715187165667,0.0014385647651760749,7.293393163636362,0.9998027967170818,1.7440722782608695,0.9991758488519715,0.17809547507886436,0.9919872311321812
1.2438250002707331e-05,0.0016582923668609468,0.0014918399336157253,7.293393163636362,0.9997954950718365,1.7440722782608695,0.9991453536893513,0.17809547507886436,0.9916929548531195
1.2898894636778117e-05,0.0017197064307645322,0.0015470880176343517,7.293393163636362,0.9997879231406612,1.7440722782608695,0.9991137311790185,0.17809547507886436,0.9913879651293814
1.3376599024339308e-05,0.0017833949351229652,0.0016043820753116377,7.293393163636362,0.9997800709232241,1.7440722782608695,0.9990809397228221,0.17809547507886436,0.9910718789612886
1.3871994965194078e-05,0.001849442112749605,0.0016637978698020085,7.293393163636362,0.9997719280495572,1.7440722782608695,0.9990469361935341,0.17809547507886436,0.9907443001826274
1.438573765754893e-05,0.0019179353159797386,0.0017254139694708097,7.293393163636362,0.9997634837664233,1.7440722782608695,0.9990116758790839,0.17809547507886436,0.9904048190474298
1.4918506564562151e-05,0.0019889651322005553,0.0017893118517355556,7.293393163636362,0.9997547269231788,1.7440722782608695,0.9989751124247941,0.17809547507886436,0.9900530118067967
1.5471006312984923e-05,0.002062625503659776,0.0018555760107492937,7.293393163636362,0.9997456459571193,1.7440722782608695,0.9989371977735453,0.17809547507886436,0.9896884402757657
1.60439676250827e-05,0.0021390138517112757,0.001924294069067989,7.293393163636362,0.9997362288782875,1.7440722782608695,0.9988978821038004,0.17809547507886436,0.9893106513902554
1.6638148285070328e-05,0.0022182312056621464,0.001995556893449293,7.293393163636362,0.9997264632537216,1.7440722782608695,0.9988571137654151,0.17809547507886436,0.9889191767541424
1.725433414133813e-05,0.0023003823363914825,0.00206945871493527,7.293393163636362,0.9997163361911287,1.7440722782608695,0.9988148392131561,0.17809547507886436,0.9885135321765567
1.7893340145795495e-05,0.002385575894917747,0.0021460972533775113,7.293393163636362,0.9997058343219558,1.7440722782608695,0.998771002937851,0.17809547507886436,0.9880932171995173
1.855601143170549e-05,0.0024739245560978394,0.0022255738465686657,7.293393163636362,0.9996949437838446,1.7440722782608695,0.9987255473950891,0.17809547507886436,0.9876577146160624
1.9243224431436985e-05,0.002565545167648042,0.0023079935841506956,7.293393163636362,0.9996836502024392,1.7440722782608695,0.9986784129313873,0.17809547507886436,0.9872064899790706
1.9955888035612162e-05,0.0026605589046838846,0.00239346544647629,7.293393163636362,0.9996719386725298,1.7440722782608695,0.9986295377077391,0.17809547507886436,0.9867389911010074
2.0694944795182097e-05,0.0027590914299832677,0.0024821024486063686,7.293393163636362,0.9996597937385053,1.7440722782608695,0.998578857620455,0.17809547507886436,0.9862546475448827
2.1461372168021265e-05,0.002861273060184931,0.0025740217896335206,7.293393163636362,0.9996471993740905,1.7440722782608695,0.9985263062192047,0.17809547507886436,0.9857528701067506
2.22561838116884e-05,0.002967238938141921,0.002669345007527933,7.293393163636362,0.9996341389613417,1.7440722782608695,0.9984718146221688,0.17809547507886436,0.9852330502901384
2.3080430924064806e-05,0.003077129211658168,0.002768198139709928,7.293393163636362,0.9996205952688749,1.7440722782608695,0.9984153114282,0.17809547507886436,0.9846945597728486
2.3935203633641935e-05,0.0031910892188444103,0.0028707118895604207,7.293393163636362,0.9996065504292971,1.7440722782608695,0.9983567226258979,0.17809547507886436,0.9841367498666405
2.4821632441298017e-05,0.0033092696803387342,0.0029770217990886688,7.293393163636362,0.9995919859158146,1.7440722782608695,0.9982959714994954,0.17809547507886436,0.9835589509703659
2.574088971547023e-05,0.0034318268986459222,0.0030872684279846067,7.293393163636362,0.9995768825179853,1.7440722782608695,0.9982329785314481,0.17809547507886436,0.9829604720172046
2.6694191242699356e-05,0.0035589229648591634,0.0032015975392913607,7.293393163636362,0.9995612203165883,1.7440722782608695,0.9981676613016233,0.17809547507886436,0.9823405999167206
2.7682797835598863e-05,0.0036907259730377118,0.003320160291942491,7.293393163636362,0.9995449786575752,1.7440722782608695,0.9980999343829756,0.17809547507886436,0.9816985989925499
2.8708017000373545e-05,0.0038274102425238017,0.003443113440417083,7.293393163636362,0.999528136125072,1.7440722782608695,0.9980297092335965,0.17809547507886436,0.9810337104166071
2.9771204666094727e-05,0.003969156548493081,0.003570619541775576,7.293393163636362,0.999510670513398,1.7440722782608695,0.9979568940850188,0.17809547507886436,0.9803451516408066
3.08737669780176e-05,0.004116152361043263,0.003702847170348441,7.293393163636362,0.9994925587980664,1.7440722782608695,0.9978813938266602,0.17809547507886436,0.979632115827381
3.201716215731367e-05,0.004268592093137373,0.003839971140360195,7.293393163636362,0.9994737771057279,1.7440722782608695,0.9978031098862796,0.17809547507886436,0.9788937712789998
3.3202902429677594e-05,0.004426677357729477,0.003982172736781402,7.293393163636362,0.9994543006830233,1.7440722782608695,0.9977219401063229,0.17809547507886436,0.9781292608699924
3.443255602535841e-05,0.004590617234412834,0.004129639954712021,7.293393163636362,0.9994341038643031,1.7440722782608695,0.9976377786160268,0.17809547507886436,0.977337701480111
3.570774925326191e-05,0.004760628545943384,0.004282567747610901,7.293393163636362,0.9994131600381758,1.7440722782608695,0.9975505156991511,0.17809547507886436,0.9765181834323906
3.703016865186533e-05,0.00493693614500399,0.004441158284697312,7.293393163636362,0.9993914416128417,1.7440722782608695,0.9974600376572047,0.17809547507886436,0.9756697699368007
3.84015632197913e-05,0.005119773211589016,0.004605621217862886,7.293393163636362,0.9993689199801703,1.7440722782608695,0.997366226668024,0.17809547507886436,0.9747914965415267
3.982374672898886e-05,0.005309381561402253,0.004776173958444239,7.293393163636362,0.9993455654784767,1.7440722782608695,0.9972689606395665,0.17809547507886436,0.9738823705938703
4.129860012358286e-05,0.005506011965676314,0.004953041964219824,7.293393163636362,0.99932134735395,1.7440722782608695,0.9971681130587735,0.17809547507886436,0.9729413707129131
4.282807400756354e-05,0.005709924482836387,0.005136459037007654,7.293393163636362,0.9992962337206865,1.7440722782608695,0.9970635528353567,0.17809547507886436,0.9719674462762617
4.441419122460576e-05,0.00592138880244689,0.005326667631254265,7.293393163636362,0.9992701915192805,1.7440722782608695,0.9969551441403562,0.17809547507886436,0.9709595169233598
4.605904953343178e-05,0.006140684601896192,0.0055239191740199655,7.293393163636362,0.9992431864739183,1.7440722782608695,0.9968427462393216,0.17809547507886436,0.9699164720780404
4.776482438225349e-05,0.0063681019162907995,0.005728474396779675,7.293393163636362,0.9992151830479258,1.7440722782608695,0.9967262133199571,0.17809547507886436,0.9688371704931806
4.953377178596618e-05,0.006603941522048583,0.0059406036794746485,7.293393163636362,0.9991861443977155,1.7440722782608695,0.9966053943140761,0.17809547507886436,0.9677204398205236
5.136823130989645e-05,0.006848515334698014,0.006160587407265664,7.293393163636362,0.999156032325074,1.7440722782608695,0.9964801327137038,0.17809547507886436,0.966565076208934
5.32706291640527e-05,0.007102146821409834,0.0063887163404552595,7.293393163636362,0.9991248072277366,1.7440722782608695,0.9963502663811653,0.17809547507886436,0.9653698439345724
5.524348141196976e-05,0.007365171428806633,0.00662529199806344,7.293393163636362,0.9990924280481853,1.7440722782608695,0.9962156273529965,0.17809547507886436,0.9641334750666972
5.7289397298390496e-05,0.007637937026616018,0.0068706270555588,7.293393163636362,0.9990588522206116,1.7440722782608695,0.9960760416375101,0.17809547507886436,0.9628546691730272
5.9411082700188085e-05,0.007920804367754476,0.007125045757265898,7.293393163636362,0.9990240356159789,1.7440722782608695,0.9959313290058499,0.17809547507886436,0.9615320930688365
6.161134370508981e-05,0.008214147565449983,0.007388884343987932,7.293393163636362,0.9989879324851189,1.7440722782608695,0.9957813027763637,0.17809547507886436,0.9601643806141986
6.389309032293904e-05,0.008518354588034878,0.007662491496404311,7.293393163636362,0.9989504953997964,1.7440722782608695,0.9956257695921249,0.17809547507886436,0.9587501325640347
6.625934033440011e-05,0.008833827772062892,0.007946228794822168,7.293393163636362,0.9989116751916698,1.7440722782608695,0.9954645291914319,0.17809547507886436,0.9572879164758817
6.871322328219954e-05,0.009160984354429406,0.008240471195882879,7.293393163636362,0.9988714208890772,1.7440722782608695,0.9952973741711133,0.17809547507886436,0.955776266680544
7.125798461018083e-05,0.00950025702419853,0.008545607526845866,7.293393163636362,0.998829679651575,1.7440722782608695,0.9951240897424682,0.17809547507886436,0.9542136843210509
7.3896989955646e-05,0.009852094494866636,0.008862040998094725,7.293393163636362,0.998786396702149,1.7440722782608695,0.9949444534796712,0.17809547507886436,0.9525986374656007
7.663372960066372e-05,0.01021696209781969,0.009190189734534634,7.293393163636362,0.998741515257023,1.7440722782608695,0.9947582350604687,0.17809547507886436,0.9509295613004272
7.947182308822762e-05,0.010595342397768683,0.009530487326573462,7.293393163636362,0.9986949764529831,1.7440722782608695,0.9945651959990034,0.17809547507886436,0.9492048584087782
8.241502400937381e-05,0.010987735830977735,0.009883383401405122,7.293393163636362,0.9986467192721308,1.7440722782608695,0.9943650893705954,0.17809547507886436,0.9474228991424454
8.546722496758478e-05,0.011394661367128339,0.010249344215338737,7.293393163636362,0.9985966804639849,1.7440722782608695,0.9941576595283186,0.17809547507886436,0.9455820220925281
8.863246272705008e-05,0.011816657195695772,0.010628853267945196,7.293393163636362,0.9985447944648379,1.7440722782608695,0.99394264181121,0.17809547507886436,0.9436805346663465
9.191492355158773e-05,0.01225428143774478,0.011022411938819556,7.293393163636362,0.99849099331428,1.7440722782608695,0.9937197622439587,0.17809547507886436,0.9417167137776403
9.531894874129284e-05,0.012708112884086645,0.011430540147787776,7.293393163636362,0.9984352065687956,1.7440722782608695,0.9934887372279189,0.17809547507886436,0.9396888066573968
9.884904037423057e-05,0.013178751760773169,0.011853777039414952,7.293393163636362,0.9983773612123344,1.7440722782608695,0.9932492732233034,0.17809547507886436,0.9375950317928404
0.00010250986726077185,0.013666820522940626,0.012292681692704446,7.293393163636362,0.9983173815637633,1.7440722782608695,0.9930010664224197,0.17809547507886436,0.9354335800022822
0.00010630627111844515,0.014172964678053346,0.012747833856908563,7.293393163636362,0.9982551891810899,1.7440722782608695,0.992743802413816,0.17809547507886436,0.9332026156536682
0.00011024327297546891,0.014697853639635466,0.013219834714404636,7.293393163636362,0.9981907027623622,1.7440722782608695,0.9924771558372147,0.17809547507886436,0.9309002780347809
0.00011432607981143825,0.015242181612620571,0.013709307671625457,7.293393163636362,0.9981238380431291,1.7440722782608695,0.9922007900291249,0.17809547507886436,0.9285246828831204
0.00011856009144394468,0.015806668511489593,0.014216899179067622,7.293393163636362,0.9980545076903583,1.7440722782608695,0.9919143566590295,0.17809547507886436,0.9260739240835344
0.00012295090767023905,0.01639206091241161,0.014743279581438845,7.293393163636362,0.9979826211926952,1.7440722782608695,0.9916174953560647,0.17809547507886436,0.9235460755416618
0.00012750433567338264,0.01699913304064672,0.015289143999043003,7.293393163636362,0.9979080847469495,1.7440722782608695,0.9913098333261144,0.17809547507886436,0.9209391932411979
0.00013222639770268067,0.017628687794516793,0.015855213241541207,7.293393163636362,0.9978308011406894,1.7440722782608695,0.990990984959269,0.17809547507886436,0.9182513174928852
0.00013712333903855925,0.018281557807298798,0.01644223475526812,7.293393163636362,0.9977506696308256,1.7440722782608695,0.9906605514276056,0.17809547507886436,0.9154804753829622
0.00014220163625241404,0.018958606548444345,0.017050983605324203,7.293393163636362,0.9976675858180576,1.7440722782608695,0.990318120273276,0.17809547507886436,0.9126246834285714
0.00014746800577236278,0.01966072946558295,0.017682263493709525,7.293393163636362,0.9975814415170586,1.7440722782608695,0.9899632649869038,0.17809547507886436,0.9096819504473191
0.0001529294127662221,0.020388855168818266,0.018336907814807978,7.293393163636362,0.997492124622269,1.7440722782608695,0.9895955445763204,0.17809547507886436,0.9066502806478012
0.00015859308035346477,0.02114394665888463,0.019015780749579558,7.293393163636362,0.9973995189691657,1.7440722782608695,0.9892145031256961,0.17809547507886436,0.9035276769474293
0.00016446649915833502,0.021927002600787542,0.019719778399864597,7.293393163636362,0.9973035041908741,1.7440722782608695,0.9888196693451502,0.17809547507886436,0.9003121445233491
0.0001705574372167598,0.022739058644612852,0.0204498299642551,7.293393163636362,0.9972039555699859,1.7440722782608695,0.9884105561109546,0.17809547507886436,0.8970016946015729
0.00017687395025015794,0.02358118879525156,0.0212068989570392,7.293393163636362,0.9971007438854395,1.7440722782608695,0.9879866599964876,0.17809547507886436,0.8935943484886996
0.00018342439231973362,0.024454506832851528,0.021991984471778102,7.293393163636362,0.996993735254327,1.7440722782608695,0.987547460794122,0.17809547507886436,0.89008814184973
0.00019021742687534948,0.025360167785875343,0.02280612249113058,7.293393163636362,0.9968827909684782,1.7440722782608695,0.9870924210282812,0.17809547507886436,0.8864811292345008
0.00019726203821358493,0.02629936945871157,0.0236503872445955,7.293393163636362,0.9967677673256778,1.7440722782608695,0.9866209854599376,0.17809547507886436,0.8827713888541776
0.00020456754336014278,0.027273354015860955,0.024525892615903856,7.293393163636362,0.9966485154553671,1.7440722782608695,0.9861325805828776,0.17809547507886436,0.8789570276080161
0.00021214360439231203,0.028283409624791825,0.02543379360185026,7.293393163636362,0.996524881138678,1.7440722782608695,0.9856266141121083,0.17809547507886436,0.875036186359273
0.00022000024121778835,0.029330872159637977,0.026375287824418274,7.293393163636362,0.9963967046226504,1.7440722782608695,0.9851024744648395,0.17809547507886436,0.8710070454576719
0.00022814784482675217,0.030417126967992255,0.027351617098117953,7.293393163636362,0.9962638204284765,1.7440722782608695,0.9845595302345321,0.17809547507886436,0.8668678305042355
0.0002365971910347297,0.03154361070313223,0.028364069054520828,7.293393163636362,0.996126057153619,1.7440722782608695,0.9839971296585729,0.17809547507886436,0.8626168183525779
0.0002453594547344179,0.03271181322410206,0.029413978826047633,7.293393163636362,0.9959832372676475,1.7440722782608695,0.9834146000802045,0.17809547507886436,0.8582523433388913
0.00025444622467531305,0.03392327956616208,0.03050273079113331,7.293393163636362,0.9958351769016348,1.7440722782608695,0.9828112474054121,0.17809547507886436,0.8537728037309047
0.00026386951879070204,0.03517961198421398,0.03163176038297039,7.293393163636362,0.9956816856309597,1.7440722782608695,0.9821863555555528,0.17809547507886436,0.8491766683839849
0.00027364180009227724,0.03648247207190259,0.03280255596410461,7.293393163636362,0.9955225662513568,1.7440722782608695,0.9815391859165972,0.17809547507886436,0.8444624835903692
0.0002837759931534022,0.037833582959197885,0.03401666076923749,7.293393163636362,0.9953576145480579,1.7440722782608695,0.980868976785946,0.17809547507886436,0.8396288801052026
0.00029428550120282797,0.03923473159136343,0.0352756749186699,7.293393163636362,0.9951866190578718,1.7440722782608695,0.9801749428178815,0.17809547507886436,0.8346745803306701
0.0003051842238514643,0.04068777109232492,0.036581257504904374,7.293393163636362,0.9950093608240438,1.7440722782608695,0.979456274468816,0.17809547507886436,0.8295984056370429
0.0003164865754756586,0.04219462321556575,0.03793512875501055,7.293393163636362,0.9948256131437491,1.7440722782608695,0.9787121374436171,0.17809547507886436,0.8243992837969281
0.0003282075042812835,0.043757280885789285,0.03933907227144443,7.293393163636362,0.9946351413080646,1.7440722782608695,0.9779416721443976,0.17809547507886436,0.8190762565064453
0.00034036251207386094,0.04537781083471129,0.04079493735410665,7.293393163636362,0.9944377023342779,1.7440722782608695,0.977143993123292,0.17809547507886436,0.8136284869644578
0.0003529676747608584,0.047058356334467165,0.04230464140651567,7.293393163636362,0.994233044690386,1.7440722782608695,0.9763181885408637,0.17809547507886436,0.8080552674784003
0.00036603966361328034,0.048801140032249765,0.04387017242907057,7.293393163636362,0.9940209080116518,1.7440722782608695,0.9754633196319368,0.17809547507886436,0.8023560270626909
0.0003795957673146718,0.05060846688992667,0.04549359160247693,7.293393163636362,0.9938010228090791,1.7440722782608695,0.9745784201807833,0.17809547507886436,0.7965303389932107
0.0003936539148266945,0.05248272723252456,0.04717703596451164,7.293393163636362,0.9935731101696872,1.7440722782608695,0.973662496007758,0.17809547507886436,0.790577928278929
0.00040823269910152457,0.05442639990961346,0.04892272118340922,7.293393163636362,0.99333688144846,1.7440722782608695,0.9727145244696319,0.17809547507886436,0.7844986790094618
0.0004233514016724175,0.05644205557377004,0.050732944431257386,7.293393163636362,0.9930920379518637,1.7440722782608695,0.9717334539760475,0.17809547507886436,0.7782926415352297
0.0004390300181549852,0.05853236008045894,0.05261008736090652,7.293393163636362,0.9928382706128309,1.7440722782608695,0.9707182035246948,0.17809547507886436,0.7719600394349349
0.0004552892846928879,0.0607000780138252,0.05455661919000544,7.293393163636362,0.9925752596571202,1.7440722782608695,0.9696676622579975,0.17809547507886436,0.7655012762233904
0.00047215070538294076,0.06294807634306443,0.056575099895900434,7.293393163636362,0.9923026742609755,1.7440722782608695,0.968580689044285,0.17809547507886436,0.758916941751286
0.0004896365807158889,0.06527932821420374,0.05866818352524956,7.293393163636362,0.9920201722000186,1.7440722782608695,0.9674561120866382,0.17809547507886436,0.7522078182473645
0.0005077700370704759,0.06769691688230998,0.06083862162233222,7.293393163636362,0.991727399489328,1.7440722782608695,0.9662927285627955,0.17809547507886436,0.745374885952694
0.000526575057299811,0.0702040397893254,0.063089266780159,7.293393163636362,0.9914239900146697,1.7440722782608695,0.965089304299729,0.17809547507886436,0.7384193282963324
0.0005460765124504844,0.07280401279292349,0.06542307631861766,7.293393163636362,0.9911095651548683,1.7440722782608695,0.9638445734867214,0.17809547507886436,0.7313425365616965
0.0005663001946563938,0.07550027455197973,0.06784311609402678,7.293393163636362,0.9907837333953216,1.7440722782608695,0.9625572384310024,0.17809547507886436,0.7241461139934152
0.0005872728512507637,0.07829639107445431,0.07035256444460043,7.293393163636362,0.9904460899326932,1.7440722782608695,0.9612259693602417,0.17809547507886436,0.7168318792954051
0.0006090222201415019,0.08119606043370532,0.07295471627647443,7.293393163636362,0.9900962162708317,1.7440722782608695,0.9598494042764344,0.17809547507886436,0.7094018694723334
0.0006315770664966554,0.0842031176594671,0.07565298729508137,7.293393163636362,0.9897336798080009,1.7440722782608695,0.9584261488659562,0.17809547507886436,0.7018583419686203
0.0006549672207884987,0.08732153980996422,0.07845091838681235,7.293393163636362,0.9893580334155302,1.7440722782608695,0.9569547764708216,0.17809547507886436,0.6942037760616258
0.0006792236182465662,0.0905554512318687,0.08135218015605152,7.293393163636362,0.9889688150080289,1.7440722782608695,0.9554338281264165,0.17809547507886436,0.68644087346871
0.0007043783397718052,0.09390912901505662,0.08436057762282152,7.293393163636362,0.9885655471053411,1.7440722782608695,0.9538618126712399,0.17809547507886436,0.6785725581314451
0.0007304646543659761,0.09738700864938067,0.08748005508643678,7.293393163636362,0.9881477363864577,1.7440722782608695,0.9522372069344259,0.17809547507886436,0.6706019751443708
0.0007575170631323869,0.10099368989093609,0.09071470116071423,7.293393163636362,0.9877148732356434,1.7440722782608695,0.9505584560070772,0.17809547507886436,0.6625324888003338
0.0007855713449061921,0.10473394284558335,0.09406875398646107,7.293393163636362,0.9872664312810792,1.7440722782608695,0.948823973603673,0.17809547507886436,0.6543676797295706
0.0008146646035745765,0.1086127142777697,0.09754660662711523,7.293393163636362,0.9868018669263708,1.7440722782608695,0.9470321425200587,0.17809547507886436,0.6461113411153029
0.0008448353171494234,0.11263513415299543,0.10115281265358676,7.293393163636362,0.9863206188753271,1.7440722782608695,0.9451813151947455,0.17809547507886436,0.6377674739746241
0.0008761233886573659,0.11680652242257733,0.10489209192451539,7.293393163636362,0.9858221076504621,1.7440722782608695,0.9432698143804694,0.17809547507886436,0.6293402814998489
0.0009085701989145212,0.12113239605968179,0.10876933656833086,7.293393163636362,0.9853057351057447,1.7440722782608695,0.9412959339331562,0.17809547507886436,0.620834162462204
0.000942218661255727,0.12561847635593604,0.11278961717367943,7.293393163636362,0.9847708839341738,1.7440722782608695,0.9392579397256229,0.17809547507886436,0.6122537036866897
0.0009771132782906246,0.13027069648826267,0.11695818919494888,7.293393163636362,0.9842169171708354,1.7440722782608695,0.9371540706935119,0.17809547507886436,0.6036036716140888
0.0010133002007617054,0.1350952093659521,0.12128049957981224,7.293393163636362,0.9836431776921649,1.7440722782608695,0.9349825400210862,0.17809547507886436,0.5948890029733144
0.0010508272885821075,0.14009839576834374,0.12576219362587535,7.293393163636362,0.9830489877122235,1.7440722782608695,0.9327415364746294,0.17809547507886436,0.586114794594573
0.0010897441741339437,0.14528687278388563,0.1304091220737068,7.293393163636362,0.9824336482768771,1.7440722782608695,0.9304292258912624,0.17809547507886436,0.5772862924009755
0.0011301023279108354,0.1506675025617284,0.13522734844369705,7.293393163636362,0.9817964387568597,1.7440722782608695,0.9280437528310352,0.17809547507886436,0.5684088796232881
0.0011719551265914944,0.1562474013874312,0.1402231566243817,7.293393163636362,0.9811366163407983,1.7440722782608695,0.9255832424001383,0.17809547507886436,0.5594880642892894
0.0012153579236343754,0.1620339490947822,0.1454030587200399,7.293393163636362,0.9804534155293771,1.7440722782608695,0.9230458022530362,0.17809547507886436,0.5505294660456591
0.0012603681224867633,0.16803479882618028,0.15077380316555833,7.293393163636362,0.9797460476319311,1.7440722782608695,0.9204295247812124,0.17809547507886436,0.5415388023763654
0.001307045252505135,0.17425788715448962,0.15634238311673263,7.293393163636362,0.9790137002668674,1.7440722782608695,0.9177324894960552,0.17809547507886436,0.5325218742870452
0.0013554510476871838,0.18071144457975072,0.16211604512434738,7.293393163636362,0.9782555368674416,1.7440722782608695,0.9149527656131877,0.17809547507886436,0.5234845515298427
0.0014056495283196525,0.1874040064146327,0.16810229810055635,7.293393163636362,0.9774706961945367,1.7440722782608695,0.9120884148452443,0.17809547507886436,0.5144327574474735
0.001457707085649954,0.1943444240730232,0.17430892258624953,7.293393163636362,0.976658291858236,1.7440722782608695,0.9091374944097251,0.17809547507886436,0.5053724535188876
0.0015116925696935647,0.20154187677668545,0.18074398032826203,7.293393163636362,0.975817411850114,1.7440722782608695,0.9060980602581021,0.17809547507886436,0.4963096236917527
0.0015676773802933217,0.20900588369546624,0.18741582417543948,7.293393163636362,0.9749471180883259,1.7440722782608695,0.9029681705318091,0.17809547507886436,0.4872502585890095
0.0016257355615510616,0.21674631653711066,0.1943331083027312,7.293393163636362,0.9740464459777314,1.7440722782608695,0.8997458892501097,0.17809547507886436,0.4782003396779705
0.0016859438997564786,0.22477341260333325,0.20150479877262586,7.293393163636362,0.9731144039874482,1.7440722782608695,0.8964292902340991,0.17809547507886436,0.4691658234907915
0.0017483820249427494,0.23309778832941724,0.20894018444339266,7.293393163636362,0.9721499732484066,1.7440722782608695,0.8930164612702568,0.17809547507886436,0.4601526259846419
0.0018131325162032057,0.2417304533252438,0.21664888823371,7.293393163636362,0.9711521071736526,1.7440722782608695,0.8895055085160122,0.17809547507886436,0.45116660712857665
0.0018802810109083655,0.2506828249363251,0.22464087875339311,7.293393163636362,0.9701197311043318,1.7440722782608695,0.8858945611487242,0.17809547507886436,0.4422135558019239
0.0019499163179677649,0.25996674334409836,0.23292648231003374,7.293393163636362,0.969051741984479,1.7440722782608695,0.8821817762582861,0.17809547507886436,0.4332991750860529
0.0020221305352863895,0.26959448722545204,0.24151639530146163,7.293393163636362,0.9679470080679365,1.7440722782608695,0.8783653439822666,0.17809547507886436,0.4244290680276584
0.002097019171571045,0.2795787899921949,0.2504216970040124,7.293393163636362,0.9668043686609304,1.7440722782608695,0.8744434928810678,0.17809547507886436,0.4156087239472869
0.0021746812726477624,0.28993285663194496,0.25965386276665015,7.293393163636362,0.9656226339040411,1.7440722782608695,0.8704144955490282,0.17809547507886436,0.40684350536177344
0.0022552195524573296,0.3006703811727161,0.2692247776210357,7.293393163636362,0.9644005845975246,1.7440722782608695,0.8662766744557205,0.17809547507886436,0.3981386355836335
0.002338740528902154,0.311805564794293,0.2791467503176441,7.293393163636362,0.9631369720741574,1.7440722782608695,0.8620284080098987,0.17809547507886436,0.3894991870543554
0.002425354664724165,0.3233531346103551,0.2894325277980412,7.293393163636362,0.9618305181240041,1.7440722782608695,0.8576681368366255,0.17809547507886436,0.3809300704620141
0.002515176513600054,0.3353283631461864,0.3000953101133916,7.293393163636362,0.9604799149757317,1.7440722782608695,0.853194370256081,0.17809547507886436,0.3724360246868022
0.0026083248716470874,0.347747088537733,0.31114876579921347,7.293393163636362,0.9590838253393249,1.7440722782608695,0.8486056929504088,0.17809547507886436,0.36402160761100644
0.0027049229345398615,0.36062573547872345,0.32260704771630794,7.293393163636362,0.9576408825152842,1.7440722782608695,0.8439007718027222,0.17809547507886436,0.355691187822754
0.0028050984604458032,0.3739813369435554,0.3344848093676566,7.293393163636362,0.9561496905756177,1.7440722782608695,0.8390783628900574,0.17809547507886436,0.3474489372355982
0.002908983938994899,0.38783155671467795,0.34679722170092775,7.293393163636362,0.9546088246221606,1.7440722782608695,0.8341373186096673,0.17809547507886436,0.3392988246387826
0.003016716766507161,0.40219471274426777,0.35955999040601777,7.293393163636362,0.9530168311279817,1.7440722782608695,0.8290765949155753,0.17809547507886436,0.33124461018591106
0.0031284394277095316,0.4170898013810902,0.37278937371680404,7.293393163636362,0.9513722283678476,1.7440722782608695,0.8238952586398235,0.17809547507886436,0.3232898408228372
0.0032442996841826016,0.43253652249459285,0.3865022007259882,7.293393163636362,0.9496735069439219,1.7440722782608695,0.8185924948703133,0.17809547507886436,0.31543784664891406
0.0033644507697863585,0.4485553055294569,0.4007158902215491,7.293393163636362,0.9479191304130755,1.7440722782608695,0.813167614354623,0.17809547507886436,0.3076917381994212
0.003489051593323434,0.4651673365250669,0.4154484700529155,7.293393163636362,0.946107536022362,1.7440722782608695,0.8076200608967016,0.17809547507886436,0.3000544046310223
0.0036182669487078924,0.48239458613563363,0.4307185970344864,7.293393163636362,0.94423713555938,1.7440722782608695,0.8019494187108951,0.17809547507886436,0.29252851278658687
0.003752267732917498,0.5002598386880267,0.44654557739358264,7.293393163636362,0.9423063163243898,1.7440722782608695,0.7961554196954282,0.17809547507886436,0.28511650711065
0.0038912311720177843,0.5187867223157551,0.4629493877693009,7.293393163636362,0.940313442231171,1.7440722782608695,0.7902379505852245,0.17809547507886436,0.2778206103822209
0.004035341055556768,0.5379997402089395,0.47995069676802243,7.293393163636362,0.9382568550437116,1.7440722782608695,0.7841970599418886,0.17809547507886436,0.2706428252276245
0.00418478797964039,0.5579243030216161,0.49757088708056113,7.293393163636362,0.9361348757558732,1.7440722782608695,0.7780329649367834,0.17809547507886436,0.2635849363725498
0.0043397695990101265,0.5785867624792281,0.5158320781650441,7.293393163636362,0.933945806121216,1.7440722782608695,0.7717460578814745,0.17809547507886436,0.256648513589524
0.004500490888456179,0.6000144462307546,0.5347571494986371,7.293393163636362,0.9316879303401522,1.7440722782608695,0.7653369124584292,0.17809547507886436,0.24983491529461543
0.00466716441391197,0.6222356939915717,0.5543697644001443,7.293393163636362,0.9293595169115478,1.7440722782608695,0.7588062896037506,0.17809547507886436,0.24314529274527888
0.00484001061358851,0.6452798950248474,0.5746943944243027,7.293393163636362,0.926958820655784,1.7440722782608695,0.7521551429929789,0.17809547507886436,0.23658059478989188
0.005019258089520403,0.6691775270110392,0.5957563443272625,7.293393163636362,0.9244840849161393,1.7440722782608695,0.7453846240805944,0.17809547507886436,0.23014157311866146
0.005205143909909174,0.6939601963569109,0.6175817776012928,7.293393163636362,0.9219335439451318,1.7440722782608695,0.7384960866438864,0.17809547507886436,0.22382878796518063
0.005397913922663695,0.7196606799973692,0.6401977425751326,7.293393163636362,0.9193054254821863,1.7440722782608695,0.7314910907823021,0.17809547507886436,0.21764261420796643
0.005597823080552444,0.746312968745413,0.6636321990746721,7.293393163636362,0.9165979535286329,1.7440722782608695,0.724371406324304,0.17809547507886436,0.21158324782176358
0.005805135778397619,0.7739523122475274,0.6879140456367133,7.293393163636362,0.9138093513256248,1.7440722782608695,0.7171390155951868,0.17809547507886436,0.20565071262923912
0.00602012620275708,0.8026152656039794,0.7130731472664918,7.293393163636362,0.9109378445400489,1.7440722782608695,0.7097961155012021,0.17809547507886436,0.19984486730486198
0.006243078694556601,0.8323397377156752,0.7391403637273486,7.293393163636362,0.907981664662913,1.7440722782608695,0.7023451188877865,0.17809547507886436,0.194165412584245
0.006474288125151989,0.8631650414215135,0.7661475783484852,7.293393163636362,0.9049390526240081,1.7440722782608695,0.694788655132643,0.17809547507886436,0.18861189863396446
0.006714060286318572,0.8951319454925647,0.7941277273340736,7.293393163636362,0.9018082626258558,1.7440722782608695,0.6871295699379162,0.17809547507886436,0.18318373253883818
0.0069627122946836675,0.9282827285518159,0.8231148295540648,7.293393163636362,0.8985875661990798,1.7440722782608695,0.6793709242897139,0.17809547507886436,0.1778801858658047
0.007220573011137068,0.9626612349908162,0.8531440167939576,7.293393163636362,0.8952752564803378,1.7440722782608695,0.6715159925577365,0.17809547507886436,0.17270040226584737
0.007487983475774181,0.9983129329571653,0.8842515644373882,7.293393163636362,0.8918696527128693,1.7440722782608695,0.6635682597127724,0.17809547507886436,0.16764340507783732
0.007765297358947073,1.0352849744895416,0.9164749225517862,7.293393163636362,0.8883691049684933,1.7440722782608695,0.6555314176452679,0.17809547507886436,0.16270810490067766
0.008052881429019977,1.0736262578798015,0.949852747343438,7.293393163636362,0.8847719990885802,1.7440722782608695,0.6474093605740328,0.17809547507886436,0.15789330710269575
0.008351116037447925,1.1133874923446323,0.9844249329441127,7.293393163636362,0.8810767618400828,1.7440722782608695,0.6392061795403622,0.17809547507886436,0.15319771923981945
0.008660395621819958,1.1546212650922805,1.0202326434869022,7.293393163636362,0.877281866281166,1.7440722782608695,0.6309261559893887,0.17809547507886436,0.1486199583566645
0.008981129227532421,1.1973821108730773,1.0573183454241504,7.293393163636362,0.8733858373293147,1.7440722782608695,0.622573754447237,0.17809547507886436,0.14415855814722106
0.009313741048782074,1.2417265841057237,1.095725840035171,7.293393163636362,0.869387257523034,1.7440722782608695,0.6141536143095138,0.17809547507886436,0.13981197595435185
0.009658670989594673,1.287713333674741,1.135500296065997,7.293393163636362,0.8652847729663802,1.7440722782608695,0.6056705407636988,0.17809547507886436,0.13557859958977003
0.010016375245630966,1.3354031804980118,1.1766882824375584,7.293393163636362,0.8610770994435973,1.7440722782608695,0.597129494875067,0.17809547507886436,0.13145675395854123
0.01038732690753959,1.384859197966993,1.2193378009524547,7.293393163636362,0.8567630286890723,1.7440722782608695,0.5885355828727747,0.17809547507886436,0.12744470747444325
0.010772016586654876,1.4361467953660014,1.2634983189238966,7.293393163636362,0.8523414347956821,1.7440722782608695,0.5798940446795853,0.17809547507886436,0.12354067825469792
0.011170953063867013,1.489333804380878,1.3092208016433615,7.293393163636362,0.847811280742412,1.7440722782608695,0.5712102417353181,0.17809547507886436,0.11974284008466199
0.011584663962522914,1.54449056881148,1.3565577445961214,7.293393163636362,0.843171625019856,1.7440722782608695,0.562489644170394,0.17809547507886436,0.11604932814501379
0.01201369644624753,1.6016900376066132,1.4055632053258902,7.293393163636362,0.8384216283299318,1.7440722782608695,0.5537378173917271,0.17809547507886436,0.11245824449580662
0.012458617942608713,1.661007861344479,1.4562928348416082,7.293393163636362,0.8335605603338299,1.7440722782608695,0.5449604081486009,0.17809547507886436,0.10896766331345718
0.012920016893582634,1.7225224922862241,1.5088039084505986,7.293393163636362,0.8285878064199182,1.7440722782608695,0.536163130151,0.17809547507886436,0.10557563587831721
0.013398503533812342,1.7863152881349291,1.5631553558931586,7.293393163636362,0.823502874461055,1.7440722782608695,0.5273517493170664,0.17809547507886436,0.10228019531192165
0.013894710697688734,1.8524706196372576,1.6194077906439799,7.293393163636362,0.8183054015285436,1.7440722782608695,0.5185320687298558,0.17809547507886436,0.09907936106432909
0.014409294656321429,1.9210759821700856,1.6776235382356786,7.293393163636362,0.8129951605278366,1.7440722782608695,0.5097099133863435,0.17809547507886436,0.0959711431531673
0.014942935985506355,1.9922221114596783,1.737866663449102,7.293393163636362,0.8075720667190749,1.7440722782608695,0.500891114823616,0.17809547507886436,0.0929535461570734
0.015496340465838256,2.066003103586488,1.800202996204065,7.293393163636362,0.8020361840836734,1.7440722782608695,0.4920814957083618,0.17809547507886436,0.09002457296717678
0.016070240016158314,2.1425165394342587,1.8647001559725926,7.293393163636362,0.7963877314964711,1.7440722782608695,0.48328685447613356,0.17809547507886436,0.0871822283011228
0.016665393661571572,2.221863613748045,1.9314275745248206,7.293393163636362,0.7906270886614736,1.7440722782608695,0.4745129501063708,0.17809547507886436,0.08442452198487382
0.017282588537314465,2.3041492689718392,2.0004565168052753,7.293393163636362,0.784754801767978,1.7440722782608695,0.46576548711786886,0.17809547507886436,0.08174947200816489
0.017922640929800074,2.3894823340428055,2.071860099724422,7.293393163636362,0.7787715888229038,1.7440722782608695,0.45705010086727277,0.17809547507886436,0.07915510736003542
0.018586397356217987,2.4779756683256946,2.145713308637149,7.293393163636362,0.7726783446145056,1.7440722782608695,0.448372343230289,0.17809547507886436,0.07663947065131196
0.019274735684116664,2.569746310877802,2.2220930112662436,7.293393163636362,0.7664761452623321,1.7440722782608695,0.43973766874169173,0.17809547507886436,0.07420062053128985
0.01998856629244888,2.6649156352418695,2.301077968814996,7.293393163636362,0.7601662523083669,1.7440722782608695,0.43115142126590095,0.17809547507886436,0.07183663390615484
0.020728833275616153,2.763609509971697,2.3827488439988644,7.293393163636362,0.7537501163047534,1.7440722782608695,0.42261882126498934,0.17809547507886436,0.06954560796690845
0.021496515692104156,2.86595846510271,2.4671882057116163,7.293393163636362,0.7472293798544064,1.7440722782608695,0.41414495372551363,0.17809547507886436,0.06732566203472162
0.022292628859360855,2.972097864787708,2.5544805300268147,7.293393163636362,0.740605880062155,1.7440722782608695,0.4057347567996066,0.17809547507886436,0.06517493923173666
0.023118225696629816,3.0821680863260803,2.644712197220697,7.293393163636362,0.7338816503558766,1.7440722782608695,0.39739301120944165,0.17809547507886436,0.06309160798538618
0.023974398117514718,3.1963147058232972,2.737971484487794,7.293393163636362,0.7270589216393615,1.7440722782608695,0.38912433045751826,0.17809547507886436,0.0610738633742931
0.02486227847411682,3.3146886907262028,2.83434855400587,7.293393163636362,0.7201401227414285,1.7440722782608695,0.3809331518783505,0.17809547507886436,0.059119928323771984
0.025783041054655273,3.43744659948875,2.933935435992273,7.293393163636362,0.7131278801290488,1.7440722782608695,0.3728237285601218,0.17809547507886436,0.05722805465886752
0.026737903636551298,3.5647507886322924,3.036826006379532,7.293393163636362,0.7060250168559725,1.7440722782608695,0.3648001221578072,0.17809547507886436,0.055396524022749784
0.027728129097029895,3.69676962747422,3.143115958724154,7.293393163636362,0.6988345507225266,1.7440722782608695,0.35686619661222885,0.17809547507886436,0.05362364866814054
0.028755027083369477,3.8336777208089856,3.2529027699493374,7.293393163636362,0.6915596916268816,1.7440722782608695,0.349025612782588,0.17809547507886436,0.05190777212927442
0.029819955745008436,3.9756561398360146,3.366285659509721,7.293393163636362,0.6842038380931068,1.7440722782608695,0.34128182399327717,0.17809547507886436,0.05024726978170671
0.0309243235297994,4.1228926616399155,3.4833655415546017,7.293393163636362,0.6767705729667373,1.7440722782608695,0.3336380724892937,0.17809547507886436,0.04864054929707115
0.032069591046786916,4.275582017539725,3.6042449696554657,7.293393163636362,0.6692636582742963,1.7440722782608695,0.3260973867884047,0.17809547507886436,0.047086050999667145
0.033257272997972286,4.433926150635661,3.7290280736543253,7.293393163636362,0.6616870292492177,1.7440722782608695,0.31866257991242,0.17809547507886436,0.0455822481315208
0.034488940181620166,4.598134482893964,3.85782048818154,7.293393163636362,0.6540447875328237,1.7440722782608695,0.3113362484745449,0.17809547507886436,0.04412764703232086
0.03576622156975701,4.7684241921231445,3.9907292723857504,7.293393163636362,0.6463411935653752,1.7440722782608695,0.3041207725948632,0.17809547507886436,0.04272078724037944
0.03709080646260841,4.945020499207878,4.127862820414428,7.293393163636362,0.6385806581886632,1.7440722782608695,0.2970183166115597,0.17809547507886436,0.041360241520514235
0.038464446722825014,5.128156965980477,4.269330762181768,7.293393163636362,0.6307677334880512,1.7440722782608695,0.29003083055156254,0.17809547507886436,0.040044615824491175
0.039888959092452075,5.318075804123896,4.415243853961383,7.293393163636362,0.6229071029082721,1.7440722782608695,0.28316005232087615,0.17809547507886436,0.03877254918940997
0.041366227595706725,5.515028195514812,4.565713858344924,7.293393163636362,0.6150035706835087,1.7440722782608695,0.27640751057199126,0.17809547507886436,0.03754271357915772
0.04289820603074104,5.719274624430457,4.720853413114457,7.293393163636362,0.607062050628298,1.7440722782608695,0.2697745282034079,0.17809547507886436,0.036353813673803
0.044486920553686166,5.931085222058547,4.880775888586801,7.293393163636362,0.5990875543415008,1.7440722782608695,0.2632622264444679,0.17809547507886436,0.035204586611551264
0.046134472358395656,6.150740123766026,5.0455952330021825,7.293393163636362,0.5910851788808934,1.7440722782608695,0.25687152947735836,0.17809547507886436,0.034093801687636434
0.04784304045543147,6.378529839599034,5.215425805547822,7.293393163636362,0.5830600939708085,1.7440722782608695,0.25060316954730727,0.17809547507886436,0.03302026001428347
0.049614884553968515,6.614755638504191,5.3903821966300685,7.293393163636362,0.5750175288095893,1.7440722782608695,0.24445769251159608,0.17809547507886436,0.03198279414564087
0.05145234805042918,6.859729946779319,5.570579035036395,7.293393163636362,0.566962758547384,1.7440722782608695,0.23843546377806557,0.17809547507886436,0.030980267671354665
0.05335786112780044,7.113776761280611,5.75613078166167,7.293393163636362,0.5589010905079259,1.7440722782608695,0.2325366745842321,0.17809547507886436,0.030011574782233878
0.05533394396973278,7.377232077932714,5.947151509511702,7.293393163636362,0.550837850230393,1.7440722782608695,0.22676134856894656,0.17809547507886436,0.029075639811244103
0.057383210093671665,7.650444336108494,6.143754669741638,7.293393163636362,0.5427783674091541,1.7440722782608695,0.22110934858966877,0.17809547507886436,0.02817141675285963
0.0595083698074298,7.9337748794661564,6.346052843537571,7.293393163636362,0.5347279618101981,1.7440722782608695,0.2155803837398699,0.17809547507886436,0.02729788876360689
0.061712233793772345,8.227598433853316,6.554157479707104,7.293393163636362,0.5266919292432632,1.7440722782608695,0.21017401652276602,0.17809547507886436,0.026454067646441603
0.06399771682775499,8.53230360290995,6.76817861790858,7.293393163636362,0.518675527668148,1.7440722782608695,0.2048896701395056,0.17809547507886436,0.025638993321420937
0.06636784163173219,8.8482933820258,6.98822459751994,7.293393163636362,0.5106839635123982,1.7440722782608695,0.19972663585202732,0.17809547507886436,0.024851733284957725
0.06882574287313367,9.175985691331928,7.214401752226374,7.293393163636362,0.5027223782755441,1.7440722782608695,0.1946840803830528,0.17809547507886436,0.024091382059778586
0.07137467131029669,9.515813928431376,7.446814090491526,7.293393163636362,0.4947958354923334,1.7440722782608695,0.1897610533180399,0.17809547507886436,0.023357060637550227
0.07401799809183733,9.868227541599937,7.685562962169916,7.293393163636362,0.48690930812401845,1.7440722782608695,0.18495649447636459,0.17809547507886436,0.022647915915988557
0.0767592192152465,10.233692624215095,7.930746711618373,7.293393163636362,0.4790676664427537,1.7440722782608695,0.18026924122149787,0.17809547507886436,0.021963120132123735
0.07960196015060873,10.612692531199457,8.18246031777193,7.293393163636362,0.4712756664695864,1.7440722782608695,0.17569803568245962,0.17809547507886436,0.02130187029325919
0.08254998063555735,11.005728518293777,8.440795021763657,7.293393163636362,0.4635379390214748,1.7440722782608695,0.1712415318613596,0.17809547507886436,0.020663387607036957
0.08560717964780898,11.413320405005189,8.705837942789382,7.293393163636362,0.4558589794172752,1.7440722782608695,0.16689830260432462,0.17809547507886436,0.020046916911900886
0.08877760056185335,11.836007262107413,8.977671683045397,7.293393163636362,0.44824313788680775,1.7440722782608695,0.1626668464155698,0.17809547507886436,0.019451726109136955
0.09206543649661869,12.274348124602197,9.256373922700357,7.293393163636362,0.440694610720999,1.7440722782608695,0.1585455940967623,0.17809547507886436,0.018877105597563996
0.09547503586118525,12.728922731084939,9.542017006000773,7.293393163636362,0.4332174321947964,1.7440722782608695,0.15453291519614007,0.17809547507886436,0.018322367711848007
0.0990109081058819,13.200332290492387,9.834667519751843,7.293393163636362,0.425815467288128,1.7440722782608695,0.15062712425407546,0.17809547507886436,0.01778684616532018
0.10267772968637123,13.689200277246385,10.134385865560946,7.293393163636362,0.4184924052237242,1.7440722782608695,0.14682648683389862,0.17809547507886436,0.01726989549809114
0.1064803502486127,14.196173255845542,10.441225827379185,7.293393163636362,0.4112517538341948,1.7440722782608695,0.1431292253288094,0.17809547507886436,0.01677089053117177
0.1104237990428824,14.721921735995167,10.755234136024866,7.293393163636362,0.404096834764451,1.7440722782608695,0.13953352453761197,0.17809547507886436,0.016289225827235028
0.11451329157533215,15.267141059406432,11.076450032521246,7.293393163636362,0.397030779509425,1.7440722782608695,0.1360375370037847,0.17809547507886436,0.015824315158581733
0.11875423650588711,15.832552319437882,11.404904832227427,7.293393163636362,0.39005652628114695,1.7440722782608695,0.132639388114054,0.17809547507886436,0.015375590982806572
0.1231522428016042,16.418903314795475,11.740621491883624,7.293393163636362,0.3831768176936457,1.7440722782608695,0.12933718095417907,0.17809547507886436,0.01494250392659944
0.12771312715494895,17.026969538552105,12.083614181829157,7.293393163636362,0.37639419924889045,1.7440722782608695,0.1261290009210633,0.17809547507886436,0.01452452227806003
0.1324429216768087,17.657555203795493,12.433887865781882,7.293393163636362,0.36971101860211314,1.7440722782608695,0.12301292009158935,0.17809547507886436,0.014121131487849686
0.13734788187440858,18.311494307259903,12.791437890687169,7.293393163636362,0.3631294255804239,1.7440722782608695,0.11998700134974975,0.17809547507886436,0.013731833679456773
0.14243449492469004,18.989651732349525,13.156249589254394,7.293393163636362,0.3566513729246136,1.7440722782608695,0.11704930227468342,0.17809547507886436,0.013356147168805059
0.14770948825408606,19.69292439301126,13.528297897892891,7.293393163636362,0.35027861772052904,1.7440722782608695,0.11419787879317249,0.17809547507886436,0.012993605993394202
0.15317983843604674,20.422242419970623,13.907546992839542,7.293393163636362,0.3440127234833295,1.7440722782608695,0.11143078860097073,0.17809547507886436,0.012643759451121688
0.1588527804180809,21.17857039089938,14.293949947330663,7.293393163636362,0.33785506285537736,1.7440722782608695,0.10874609435806182,0.17809547507886436,0.01230617164890105
0.1647358170905133,21.962908606141415,14.687448412711658,7.293393163636362,0.33180682087642405,1.7440722782608695,0.1061418666635683,0.17809547507886436,0.011980421061158687
0.17083672920962123,22.77629441168512,15.087972326397232,7.293393163636362,0.3258689987831218,1.7440722782608695,0.10361618681655672,0.17809547507886436,0.011666100098261327
0.17716358568826432,23.619803571130777,15.495439649588166,7.293393163636362,0.320042418293751,1.7440722782608695,0.10116714936943556,0.17809547507886436,0.01136281468490012
0.1837247542676284,24.494551688468757,15.90975613762013,7.293393163636362,0.3143277263333134,1.7440722782608695,0.09879286448099495,0.17809547507886436,0.011070183848431581
0.1905289125841867,25.40169568354894,16.330815145759292,7.293393163636362,0.30872540015386185,1.7440722782608695,0.0964914600764334,0.17809547507886436,0.010787839317154317
0.19758505964652617,26.342435322194163,16.758497473172525,7.293393163636362,0.30323575280500364,1.7440722782608695,0.09426108382192458,0.17809547507886436,0.010515425128479085
0.20490252773720755,27.318014802979985,17.19267124768009,7.293393163636362,0.297858938909989,1.7440722782608695,0.09209990492144067,0.17809547507886436,0.010252597246932456
0.21249099475540828,28.329724402780542,17.633191853750702,7.293393163636362,0.29259496070356183,1.7440722782608695,0.09000611574363752,0.17809547507886436,0.009999023191917006
0.22036049701666985,29.378902183256457,18.07990190601791,7.293393163636362,0.28744367428884116,1.7440722782608695,0.08797793328665601,0.17809547507886436,0.009754381675136706
0.22852144252667328,30.466935760541137,18.532631270385064,7.293393163636362,0.28240479607184715,1.7440722782608695,0.08601360048869175,0.17809547507886436,0.009518362247582944
0.23698462474660897,31.595264140467403,18.99119713454538,7.293393163636362,0.27747790933385363,1.7440722782608695,0.08411138739213671,0.17809547507886436,0.009290664955964452
0.24576123686833326,32.76537962175993,19.45540412947049,7.293393163636362,0.2726624709035372,1.7440722782608695,0.08226959216902233,0.17809547507886436,0.009071000008454792
0.25486288661820605,33.97882976971247,19.92504450312297,7.293393163636362,0.26795781789281237,1.7440722782608695,0.08048654201537277,0.17809547507886436,0.008859087449621115
0.2643016116091746,35.23721946295838,20.399898347320967,7.293393163636362,0.263363174462328,1.7440722782608695,0.07876059392194229,0.17809547507886436,0.008654656844390802
0.27408989526141825,36.5422130160428,20.87973387833487,7.293393163636362,0.25887765858475514,1.7440722782608695,0.07709013532863934,0.17809547507886436,0.008457446970905046
0.2842406833126083,37.895536380603566,21.36430777142494,7.293393163636362,0.2545002887762448,1.7440722782608695,0.07547358466975632,0.17809547507886436,0.00826720552210293
0.29476740093961046,39.298979428070744,21.853365549140626,7.293393163636362,0.2502299907687223,1.7440722782608695,0.07390939181692181,0.17809547507886436,0.008083688815874786
0.3056839705142909,40.7543983169063,22.3466420228023,7.293393163636362,0.24606560409797829,1.7440722782608695,0.07239603842646958,0.17809547507886436,0.00790666151361885
0.31700483001689,42.26371794751181,22.843861786173154,7.293393163636362,0.24200588858483477,1.7440722782608695,0.0709320381976962,0.17809547507886436,0.0077358963470327835
0.32874495213133675,43.82893450805408,23.344739759915186,7.293393163636362,0.23804953068892548,1.7440722782608695,0.06951593704823589,0.17809547507886436,0.007571173852968128
0.3409198640477395,45.45211811457273,23.84898178500506,7.293393163636362,0.2341951497168823,1.7440722782608695,0.06814631321254314,0.17809547507886436,0.0074122821161745536
0.3535456679982584,47.135415548863804,24.356285262875897,7.293393163636362,0.23044130386888362,1.7440722782608695,0.06682177726922084,0.17809547507886436,0.007259016519758745
0.366639062553515,48.88105309775973,24.866339839648568,7.293393163636362,0.22678649610963453,1.7440722782608695,0.06554097210268561,0.17809547507886436,0.007111179503182287
0.3802173647076966,50.69133949755953,25.37882813142928,7.293393163636362,0.22322917985187177,1.7440722782608695,0.06430257280441025,0.17809547507886436,0.006968580327622524
0.39429853278158267,52.568668987506165,25.893426487284774,7.293393163636362,0.21976776444240947,1.7440722782608695,0.06310528651873235,0.17809547507886436,0.006831034848520146
0.4089011901737621,54.51552447634631,26.40980578616302,7.293393163636362,0.21640062044258196,1.7440722782608695,0.061947852237974034,0.17809547507886436,0.006698365295138221
0.42404464999147784,56.53448082616381,26.927632263717094,7.293393163636362,0.2131260846966505,1.7440722782608695,0.06082904055136974,0.17809547507886436,0.006570400056957681
0.43974894059365116,58.62820825782676,27.446568364709684,7.293393163636362,0.20994246518336884,1.7440722782608695,0.059747653352063806,0.17809547507886436,0.006446973476735982
0.4560348320798872,60.799475882554724,27.96627361643703,7.293393163636362,0.20684804564738946,1.7440722782608695,0.05870252350620113,0.17809547507886436,0.006327925650056627
0.47292386376048917,63.051155364275935,28.486405518410823,7.293393163636362,0.20384109000858866,1.7440722782608695,0.05769251448790822,0.17809547507886436,0.006213102231199266
0.49043837264380175,65.38622471761694,29.006620443381625,7.293393163636362,0.20091984654866105,1.7440722782608695,0.056716519983739506,0.17809547507886436,0.006102354245162
0.5086015229785837,67.80777224655074,29.526574544679555,7.293393163636362,0.19808255187549023,1.7440722782608695,0.055773463469946605,0.17809547507886436,0.005995537905669445
0.5274373368904529,70.31900062890897,30.04592466478595,7.293393163636362,0.19532743466686223,1.7440722782608695,0.05486229776572334,0.17809547507886436,0.0058925144390027835
0.5469707261529527,72.92323115216396,30.564329240039392,7.293393163636362,0.19265271919602375,1.7440722782608695,0.05398200456537551,0.17809547507886436,0.005793149913490136
0.5672275251352294,75.62390810607906,31.081449196414944,7.293393163636362,0.1900566286424378,1.7440722782608695,0.05313159395217481,0.17809547507886436,0.005697315074498609
0.5882345249699266,78.42460333804055,31.596948831403086,7.293393163636362,0.18753738819182025,1.7440722782608695,0.05231010389646846,0.17809547507886436,0.005604885184771678
0.6100195089864558,81.32902097709227,32.11049667714559,7.293393163636362,0.18509322793020042,1.7440722782608695,0.05151659974044203,0.17809547507886436,0.0055157398699588345
0.6326112894565322,84.3410023329238,32.62176634016574,7.293393163636362,0.18272238553729525,1.7440722782608695,0.05075017367176123,0.17809547507886436,0.005429762969186955
0.6560397457005636,87.46453097629053,33.13043731324992,7.293393163636362,0.1804231087849681,1.7440722782608695,0.05000994418815898,0.17809547507886436,0.0053468423905260855
0.6803358636052795,90.70373800758308,33.63619575529812,7.293393163636362,0.17819365784693622,1.7440722782608695,0.049295055554880965,0.17809547507886436,0.005266869971205334
0.7055317766048954,94.06290752051787,34.13873523525829,7.293393163636362,0.1760323074262084,1.7440722782608695,0.04860467725675521,0.17809547507886436,0.005189741342437465
0.7316608081799735,97.54648226817042,34.637757436585815,7.293393163636362,0.17393734870699487,1.7440722782608695,0.04793800344651575,0.17809547507886436,0.005115355798714194
0.7587575159302309,101.15906953885025,35.13297281902629,7.293393163636362,0.17190709113801486,1.7440722782608695,0.047294252390877464,0.17809547507886436,0.00504361617143698
0.7868577372795416,104.90544724958305,35.62410123489574,7.293393163636362,0.1699398640542682,1.7440722782608695,0.04667266591573751,0.17809547507886436,0.0049744287067515726
0.8159986368736152,108.79057026526412,36.11087249742876,7.293393163636362,0.16803401814441354,1.7440722782608695,0.046072508851760605,0.17809547507886436,0.004907702947457442
0.846218755733028,112.81957695183876,36.593026899171775,7.293393163636362,0.16618792677093297,1.7440722782608695,0.045493068481496576,0.17809547507886436,0.0048433516188664824
0.8775580622265948,116.99779597217407,37.07031567881249,7.293393163636362,0.16439998715025764,1.7440722782608695,0.044933653989075395,0.17809547507886436,0.0047812905184885625
0.9100580049325422,121.33075333361639,37.542501435254835,7.293393163636362,0.16266862139997826,1.7440722782608695,0.044393595913426745,0.17809547507886436,0.004721438409424386
0.9437615674573403,125.82417969654753,38.009358488160636,7.293393163636362,0.16099227746019396,1.7440722782608695,0.04387224560588199,0.17809547507886436,0.004663716917349477
0.9787133252847542,130.484017953614,38.470673184587845,7.293393163636362,0.15936942989593778,1.7440722782608695,0.04336897469292906,0.17809547507886436,0.004608050430975882
1.0149595047302444,135.31643108964565,38.92624415174823,7.293393163636362,0.15779858058749188,1.7440722782608695,0.042883174544813336,0.17809547507886436,0.004554366005881454
1.052548044078733,140.32781033266482,39.37588249628811,7.293393163636362,0.15627825931524572,1.7440722782608695,0.04241425575060105,0.17809547507886436,0.0045025932715993125
1.0915286569865805,145.52478360676488,39.81941195085484,7.293393163636362,0.1548070242455808,1.7440722782608695,0.041961647600254025,0.17809547507886436,0.00445266434186322
1.131952898231602,150.91422429803364,40.25666896904923,7.293393163636362,0.1533834623240783,1.7440722782608695,0.04152479757419917,0.17809547507886436,0.004404513727907404
1.1738742318981361,156.5032603451233,40.68750277017768,7.293393163636362,0.152006189582142,1.7440722782608695,0.04110317084081587,0.17809547507886436,0.004358078254722154
1.2173481020872796,162.2992836664803,41.11177533550133,7.293393163636362,0.150673851362924,1.7440722782608695,0.04069624976220981,0.17809547507886436,0.0043132969801695014
1.2624320062458794,168.30995993671314,41.52936135793777,7.293393163636362,0.1493851224722175,1.7440722782608695,0.0403035334085885,0.17809547507886436,0.00427011111686579
1.3091855712111922,174.54323872501857,41.940148147395455,7.293393163636362,0.14813870725976244,1.7440722782608695,0.039924537081507644,0.17809547507886436,0.004228463956740886
1.3576706320718466,181.00736400908272,42.34403549411742,7.293393163636362,0.14693333963617944,1.7440722782608695,0.03955879184621189,0.17809547507886436,0.004188300798186234
1.4079513139493824,187.71088507835958,42.740935492574735,7.293393163636362,0.14576778303052107,1.7440722782608695,0.03920584407325391,0.17809547507886436,0.00414956887570663
1.4600941168085058,194.66266784114362,43.13077232858296,7.293393163636362,0.1446408302932007,1.7440722782608695,0.03886525498953778,0.17809547507886436,0.00411221729199317
1.51416800340829,201.87190655040004,43.51348203241861,7.293393163636362,0.14355130354882908,1.7440722782608695,0.03853660023889799,0.17809547507886436,0.004076196952337168
1.570244490510563,209.3481359638493,43.88901220078488,7.293393163636362,0.14249805400326623,1.7440722782608695,0.03821946945229464,0.17809547507886436,0.00404146050130742
1.6283977434662011,217.10124395440087,44.25732169052169,7.293393163636362,0.14147996170897098,1.7440722782608695,0.037913465827675366,0.17809547507886436,0.004007962261615404
1.6887046743043308,225.141484587602,44.61838028697212,7.293393163636362,0.14049593529251453,1.7440722782608695,0.037618205719529646,0.17809547507886436,0.003975658175095477
1.7512450434542697,233.47949168341015,44.972168349911634,7.293393163636362,0.13954491164790814,1.7440722782608695,0.037333318238135293,0.17809547507886436,0.003944505745729202
1.8161015652346393,242.1262928802126,45.31867643991453,7.293393163636362,0.13862585559918966,1.7440722782608695,0.03705844485847715,0.17809547507886436,0.003914463984645321
1.8833600172492517,251.09332421970475,45.657904927981726,7.293393163636362,0.13773775953550926,1.7440722782608695,0.036793239038796555,0.17809547507886436,0.0038854933570288664
1.9531093538344222,260.39244527191283,45.989863591182605,7.293393163636362,0.13687964302175926,1.7440722782608695,0.03653736584871319,0.17809547507886436,0.003857555730875109
2.0254418237077085,270.0359548203591,46.31457119697594,7.293393163636362,0.1360505523876053,1.7440722782608695,0.036290501606844945,0.17809547507886436,0.0038306143275260145
2.100453091973777,280.0366071281279,46.632055078773,7.293393163636362,0.13524956029759092,1.7440722782608695,0.036052333527836274,0.17809547507886436,0.0038046336739288576
2.178242366648627,290.40762880632826,46.94235070519005,7.293393163636362,0.13447576530481506,1.7440722782608695,0.03582255937869372,0.17809547507886436,0.0037795795565586042
2.258912529869654,301.162736307282,47.24550124531299,7.293393163636362,0.13372829139051234,1.7440722782608695,0.03560088714431489,0.17809547507886436,0.003755418976947491
2.342570273964943,312.31615406555414,47.54155713216195,7.293393163636362,0.13300628749170607,1.7440722782608695,0.03538703470208777,0.17809547507886436,0.003732120108767112
2.4293262425618716,323.88263331083385,47.83057562640455,7.293393163636362,0.1323089270189493,1.7440722782608695,0.03518072950542805,0.17809547507886436,0.0037096522564100177
2.5192951769216,335.8774715775416,48.112620382220804,7.293393163636362,0.1316354073660242,1.7440722782608695,0.03498170827611451,0.17809547507886436,0.0036879858150196234
2.6125960676929454,348.3165329369589,48.38776101707539,7.293393163636362,0.1309849494133301,1.7440722782608695,0.03478971670527596,0.17809547507886436,0.003667092231918847
2.7093523122864562,361.2162689786549,48.65607268700489,7.293393163636362,0.1303567970265577,1.7440722782608695,0.03460450916287704,0.17809547507886436,0.0036469439693895063
2.8096918780766846,374.5937405689398,48.91763566887767,7.293393163636362,0.12975021655212365,1.7440722782608695,0.034425848415546315,0.17809547507886436,0.003627514468756152
2.913747471648657,388.46664041514225,49.1725349509392,7.293393163636362,0.129164496310718,1.7440722782608695,0.03425350535258494,0.17809547507886436,0.0036087781157294182
3.021656714312225,402.8533164655345,49.420859832809406,7.293393163636362,0.12859894609020828,1.7440722782608695,0.03408725871999182,0.17809547507886436,0.0035907102069655866
3.1335623241165655,417.77279617586873,49.66270353596013,7.293393163636362,0.1280528966390359,1.7440722782608695,0.03392689486233827,0.17809547507886436,0.0035732869178003927
3.2496123046055003,433.24481167461454,49.89816282556418,7.293393163636362,0.1275256991611414,1.7440722782608695,0.03377220747232316,0.17809547507886436,0.00355648527111654
3.369960140563213,449.28982586016866,50.127337644477365,7.293393163636362,0.12701672481336276,1.7440722782608695,0.03362299734783846,0.17809547507886436,0.003540283107305755
3.4947650010094162,465.9290594645774,50.350330759991095,7.293393163636362,0.12652536420616103,1.7440722782608695,0.03347907215637406,0.17809547507886436,0.0035246590552874715
3.6241919497122383,483.184519119535,50.56724742387508,7.293393163636362,0.1260510269084466,1.7440722782608695,0.033340246206590284,0.17809547507886436,0.003509592504547557
3.7584121634974657,501.0790264618091,50.778195046119016,7.293393163636362,0.1255931409572014,1.7440722782608695,0.033206340226887024,0.17809547507886436,0.003495063578161688
3.8976031586426547,519.636248316556,50.98328288267826,7.293393163636362,0.12515115237252095,1.7440722782608695,0.03307718115079842,0.17809547507886436,0.0034810531067691886
4.041949025655714,538.8807279984711,51.182621737432505,7.293393163636362,0.12472452467863107,1.7440722782608695,0.03295260190904295,0.17809547507886436,0.003467542603464281
4.191640672748407,558.8379177721631,51.376323678476666,7.293393163636362,0.12431273843137379,1.7440722782608695,0.03283244122806016,0.17809547507886436,0.0034545142395728404
4.3468760783266855,579.5342125146703,51.56450176878199,7.293393163636362,0.12391529075259593,1.7440722782608695,0.03271654343486641,0.17809547507886436,0.0034419508212838123
4.507860552832023,600.996984624671,51.74726981119056,7.293393163636362,0.12353169487182139,1.7440722782608695,0.03260475826806378,0.17809547507886436,0.003429835767105484
4.674807010279761,623.2546202245184,51.92474210763904,7.293393163636362,0.1231614796755366,1.7440722782608695,0.03249694069483822,0.17809547507886436,0.0034181530861178513
4.84793624985391,646.336556703023,52.097033232446826,7.293393163636362,0.12280418926437213,1.7440722782608695,0.03239295073378491,0.17809547507886436,0.003406887356993254
5.027477247930508,670.2733216485913,52.26425781944978,7.293393163636362,0.12245938251842106,1.7440722782608695,0.03229265328340153,0.17809547507886436,0.003396023707758462
5.213667460916103,695.0965732242566,52.4265303627137,7.293393163636362,0.1221266326708928,1.7440722782608695,0.03219591795609185,0.17809547507886436,0.0033855477962722405
5.406753139301544,720.8391420379604,52.58396503051929,7.293393163636362,0.12180552689026679,1.7440722782608695,0.03210261891752536,0.17809547507886436,0.003375445791393384
5.606989653346718,747.5350745634911,52.73667549227574,7.293393163636362,0.12149566587107456,1.7440722782608695,0.03201263473120078,0.17809547507886436,0.0033657043548150126
5.8146418308268615,775.2196781694988,52.88477475798912,7.293393163636362,0.12119666343340815,1.7440722782608695,0.0319258482080641,0.17809547507886436,0.003356310623541769
6.0299843072870365,803.9295678161222,53.02837502988649,7.293393163636362,0.12090814613122536,1.7440722782608695,0.031842146261035154,0.17809547507886436,0.0033472521929873936
6.253301889268282,833.7027144810259,53.167587565776714,7.293393163636362,0.1206297528694944,1.7440722782608695,0.031761419764298825,0.17809547507886436,0.00333851710067087
6.484889930985483,864.5784953788466,53.30252255371221,7.293393163636362,0.12036113453019852,1.7440722782608695,0.03168356341722065,0.17809547507886436,0.003330093810490137
6.7250547249555295,896.5977460405211,53.43328899750433,7.293393163636362,0.12010195360719775,1.7440722782608695,0.03160847561274908,0.17809547507886436,0.0033219711975530537
6.974113907091993,929.8028143213187,53.559994612635904,7.293393163636362,0.11985188384992719,1.7440722782608695,0.03153605831017012,0.17809547507886436,0.0033141385335460466
7.232396876802437,964.2376164090546,53.68274573211024,7.293393163636362,0.11961060991589144,1.7440722782608695,0.031466216912082706,0.17809547507886436,0.003306585472621489
7.500245232643829,999.9476949065406,53.80164722177295,7.293393163636362,0.11937782703190039,1.7440722782608695,0.03139886014546643,0.17809547507886436,0.003299302037785578
7.778013224112096,1036.9802790650729,53.91680240464423,7.293393163636362,0.1191532406639758,1.7440722782608695,0.03133389994671642,0.17809547507886436,0.0032922786077690626
8.06606822016371,1075.3843472486662,54.02831299380178,7.293393163636362,0.11893656619584607,1.7440722782608695,0.03127125135052285,0.17809547507886436,0.003285505904363821
8.364791195088507,1115.21069171159,54.13627903335994,7.293393163636362,0.11872752861593464,1.7440722782608695,0.03121083238247599,0.17809547507886436,0.0032789749802088534
8.674577232376821,1156.5119857749426,54.24079884709767,7.293393163636362,0.11852586221273698,1.7440722782608695,0.03115256395528052,0.17809547507886436,0.0032726772070098406
8.99583604724686,1199.3428534910458,54.341968994296266,7.293393163636362,0.11833131027847273,1.7440722782608695,0.031096369768465776,0.17809547507886436,0.0032666042641769748
9.328992528523775,1243.7599418878467,54.43988423235829,7.293393163636362,0.11814362482089066,1.7440722782608695,0.03104217621148179,0.17809547507886436,0.003260748127866284
9.674487300587012,1289.8219958888617,54.53463748578988,7.293393163636362,0.11796256628309808,1.7440722782608695,0.030989912270073642,0.17809547507886436,0.0032551010604102075
10.032777306128878,1337.5899360077144,54.626319821141074,7.293393163636362,0.11778790327127964,1.7440722782608695,0.030939509435829758,0.17809547507886436,0.003249655600123669
10.40433641049561,1387.1269389200957,54.71502042751146,7.293393163636362,0.11761941229016622,1.7440722782608695,0.030890901618802615,0.17809547507886436,0.0032444045514723697
10.789656028409595,1438.4985210196241,54.80082660224249,7.293393163636362,0.11745687748610904,1.7440722782608695,0.03084402506310299,0.17809547507886436,0.0032393409755905028
11.189245773902295,1491.7726250682017,54.88382374143134,7.293393163636362,0.11730009039761187,1.7440722782608695,0.03079881826537176,0.17809547507886436,0.0032344581811355167
11.603634134316776,1547.0197100553812,54.964095334916216,7.293393163636362,0.11714884971317027,1.7440722782608695,0.03075522189603611,0.17809547507886436,0.003229749715468011
12.033369169271845,1604.312844385661,55.041722965396815,7.293393163636362,0.11700296103626563,1.7440722782608695,0.030713178723259352,0.17809547507886436,0.0032252093561452536
12.479019235511982,1663.7278025169285,55.116786311369516,7.293393163636362,0.11686223665735862,1.7440722782608695,0.030672633539496588,0.17809547507886436,0.003220831102717211
12.941173738601499,1725.3431651778292,55.189363153570376,7.293393163636362,0.11672649533272719,1.7440722782608695,0.030633533090570646,0.17809547507886436,0.0032166091688143866
13.42044391245771,1789.240423296687,55.2595293846349,7.293393163636362,0.11659556206999197,1.7440722782608695,0.030595826007185505,0.17809547507886436,0.003212537974517112
13.917463627753321,1855.5040857793283,55.32735902169706,7.293393163636362,0.11646926792017308,1.7440722782608695,0.030559462738796863,0.17809547507886436,0.0032086121389963427
14.432890230258051,1924.221791278464,55.39292422166536,7.293393163636362,0.11634744977612084,1.7440722782608695,0.03052439548976155,0.17809547507886436,0.003204826473416297
14.967405410227384,1995.4844241023354,55.45629529892678,7.293393163636362,0.11622995017716536,1.7440722782608695,0.03049057815769057,0.17809547507886436,0.0032011759740896966
15.521716103989174,2069.3862344160448,55.51754074524434,7.293393163636362,0.11611661711982865,1.7440722782608695,0.030457966273932047,0.17809547507886436,0.0031976558158766082
16.096555428919647,2146.0249628944252,55.57672725162608,7.293393163636362,0.11600730387444602,1.7440722782608695,0.030426516946113313,0.17809547507886436,0.0031942613458182836
16.692683653046068,2225.501969991408,55.63391973195801,7.293393163636362,0.11590186880754261,1.7440722782608695,0.03039618880267289,0.17809547507886436,0.003190988076997617
17.31088920055823,2307.9223699968243,55.689181348204244,7.293393163636362,0.11580017520981488,1.7440722782608695,0.030366941939315883,0.17809547507886436,0.003187831682618218
17.951989694558183,2393.395170057886,55.742573536991365,7.293393163636362,0.11570209112956673,1.7440722782608695,0.030338737867328068,0.17809547507886436,0.0031847879902943085
18.616833038428286,2482.033414349336,55.79415603740485,7.293393163636362,0.11560748921145268,1.7440722782608695,0.030311539463685876,0.17809547507886436,0.0031818529765439757
19.306298537246576,2573.954333582788,55.84398691983711,7.293393163636362,0.11551624654038259,1.7440722782608695,0.030285310922901754,0.17809547507886436,0.0031790227614785452
20.021298060733848,2669.2795000531582,55.892122615737144,7.293393163636362,0.11542824449044448,1.7440722782608695,0.030260017710546153,0.17809547507886436,0.0031762936036811213
20.76277724926933,2768.134988427086,55.9386179481227,7.293393163636362,0.11534336857870447,1.7440722782608695,0.030235626518389146,0.17809547507886436,0.0031736618952675597
21.531716764570966,2870.6515424861304,55.983526162724985,7.293393163636362,0.11526150832374536,1.7440722782608695,0.03021210522110687,0.17809547507886436,0.003171124157123406
22.329133586694073,2976.964748045227,56.02689895964624,7.293393163636362,0.11518255710880736,1.7440722782608695,0.030189422834499203,0.17809547507886436,0.003168677034310526
23.156082359063255,3087.2152122750313,56.068786525418595,7.293393163636362,0.11510641204939809,1.7440722782608695,0.03016754947516744,0.17809547507886436,0.003166317291637415
24.01365678331763,3201.5487496654728,56.10923756536192,7.293393163636362,0.11503297386524064,1.7440722782608695,0.03014645632160179,0.17809547507886436,0.003164041809387345
24.90299106581271,3320.1165748762824,56.14829933614563,7.293393163636362,0.1149621467564319,1.7440722782608695,0.030126115576630783,0.17809547507886436,0.0031618475791987707
25.825261417693596,3443.075502729746,56.18601767846793,7.293393163636362,0.1148938382836855,1.7440722782608695,0.030106500431185488,0.17809547507886436,0.003159731700092534
26.78168761052189,3570.5881556099994,56.22243704977242,7.293393163636362,0.11482795925253701,1.7440722782608695,0.030087585029333754,0.17809547507886436,0.0031576913746406863
27.77353458951499,3702.8231785433177,56.25760055692918,7.293393163636362,0.11476442360139162,1.7440722782608695,0.03006934443454065,0.17809547507886436,0.003155723905271866
28.802114146531032,3839.9554622438104,56.29154998881381,7.293393163636362,0.11470314829329717,1.7440722782608695,0.0300517545971129,0.17809547507886436,0.0031538266907083843
29.86878665501134,3982.166374419422,56.324325848723845,7.293393163636362,0.11464405321132841,1.7440722782608695,0.030034792322786483,0.17809547507886436,0.0031519972225303255
30.97496286917662,4129.643999644365,56.355967386577696,7.293393163636362,0.11458706105747098,1.7440722782608695,0.03001843524241793,0.17809547507886436,0.0031502330818621413
32.12210578985449,4282.58338811498,56.386512630846454,7.293393163636362,0.11453209725489664,1.7440722782608695,0.030002661782741247,0.17809547507886436,0.003148531936177391
33.311732599408074,4441.186813618283,56.415998420174084,7.293393163636362,0.1144790898535237,1.7440722782608695,0.029987451138153473,0.17809547507886436,0.0031468915362174005
34.5454166683227,4605.6640410541195,56.44446043464583,7.293393163636362,0.1144279694387595,1.7440722782608695,0.02997278324349326,0.17809547507886436,0.0031453097130198105
35.824789636106644,4776.23260386501,56.47193322666944,7.293393163636362,0.11437866904332465,1.7440722782608695,0.02995863874777812,0.17809547507886436,0.0031437843750530717
37.15154356925603,4953.118091740353,56.498450251437326,7.293393163636362,0.11433112406206106,1.7440722782608695,0.02994499898886689,0.17809547507886436,0.003142313505453142
38.52743319913956,5136.554448975684,56.52404389694204,7.293393163636362,0.11428527216962886,1.7440722782608695,0.029931845969015426,0.17809547507886436,0.0031408951593587275
39.95427824276236,5326.784283881564,56.54874551352061,7.293393163636362,0.1142410532409995,1.7440722782608695,0.029919162331294283,0.17809547507886436,0.0031395274613415657
41.433965809477336,5524.059189651138,56.57258544290658,7.293393163636362,0.11419840927465517,1.7440722782608695,0.029906931336838534,0.17809547507886436,0.003138208602928362
42.968452896829156,5728.640077111057,56.59559304677182,7.293393163636362,0.11415728431840719,1.7440722782608695,0.029895136842900502,0.17809547507886436,0.003136936840211116
44.559768978829304,5940.79751979548,56.617796734742484,7.293393163636362,0.11411762439774831,1.7440722782608695,0.029883763281677637,0.17809547507886436,0.003135710491542687
46.21001869008803,6160.812111799916,56.63922399187669,7.293393163636362,0.11407937744665654,1.7440722782608695,0.029872795639888254,0.17809547507886436,0.0031345279353145673
47.921384609350504,6388.974838887828,56.65990140559322,7.293393163636362,0.1140424932407704,1.7440722782608695,0.02986221943906913,0.17809547507886436,0.003133387607813924
49.69613014612084,6625.587463341122,56.67985469204321,7.293393163636362,0.11400692333285768,1.7440722782608695,0.029852020716569647,0.17809547507886436,0.0031322880011570927
51.5366025341908,6870.9629230633855,56.69910872191852,7.293393163636362,0.1139726209905025,1.7440722782608695,0.02984218600721812,0.17809547507886436,0.003131227661296795
53.44523593603151,7125.425745463593,56.717687545692364,7.293393163636362,0.1139395411359373,1.7440722782608695,0.029832702325636798,0.17809547507886436,0.003130205186100456
55.424554662156275,7389.312476667999,56.73561441828959,7.293393163636362,0.11390764028794871,1.7440722782608695,0.02982355714918266,0.17809547507886436,0.003129219223497077
57.477176509709324,7662.972126627466,56.75291182318522,7.293393163636362,0.11387687650578873,1.7440722782608695,0.029814738401492305,0.17809547507886436,0.003128268469690238
59.605816224699296,7946.76663070936,56.76960149593165,7.293393163636362,0.11384720933502396,1.7440722782608695,0.029806234436609468,0.17809547507886436,0.0031273516674348513
61.81328909245326,8241.071328384054,56.78570444711591,7.293393163636362,0.11381859975525863,1.7440722782608695,0.029798034023674848,0.17809547507886436,0.003126467604375408
64.10251466104253,8546.275459639513,56.80124098474938,7.293393163636362,0.11379101012966857,1.7440722782608695,0.029790126332158495,0.17809547507886436,0.003125615111443529
66.47652060260393,8862.782679780361,56.81623073609405,7.293393163636362,0.11376440415628507,1.7440722782608695,0.029782500917615543,0.17809547507886436,0.0031247930613126774
68.93844671766179,9191.011593292105,56.830692668929366,7.293393163636362,0.11373874682097031,1.7440722782608695,0.029775147707947067,0.17809547507886436,0.0031240003669080387
71.49154908775031,9531.396307477047,56.844645112265475,7.293393163636362,0.11371400435202679,1.7440722782608695,0.029768056990148107,0.17809547507886436,0.0031232359799695593
74.13920438182387,9884.387006593523,56.85810577650869,7.293393163636362,0.11369014417638597,1.7440722782608695,0.02976121939752582,0.17809547507886436,0.0031224988896662756
76.88491432215558,10250.450547258426,56.871091773086206,7.293393163636362,0.11366713487732234,1.7440722782608695,0.02975462589737114,0.17809547507886436,0.003121788121260091
79.73231031562607,10630.0710758999,56.8836196335374,7.293393163636362,0.11364494615364133,1.7440722782608695,0.029748267779067923,0.17809547507886436,0.0031211027348172385
82.68515825653122,11023.750669077255,56.89570532807938,7.293393163636362,0.11362354878029093,1.7440722782608695,0.029742136642624255,0.17809547507886436,0.003120441823965739
85.74736350725978,11432.009997514888,56.90736428365544,7.293393163636362,0.11360291457034859,1.7440722782608695,0.0297362243876109,0.17809547507886436,0.0031198045146971958
88.92297606342616,11855.389014728104,56.918611401474905,7.293393163636362,0.11358301633833635,1.7440722782608695,0.029730523202492618,0.17809547507886436,0.003119189964211362
92.2161959102942,12294.447671152244,56.9294610740535,7.293393163636362,0.11356382786481883,1.7440722782608695,0.029725025554338376,0.17809547507886436,0.0031185973598019433
95.63137857757046,12749.76665471885,56.939927201763496,7.293393163636362,0.1135453238622403,1.7440722782608695,0.029719724178897174,0.17809547507886436,0.003118025917782173
99.17304089991977,13221.948158859104,56.95002320890324,7.293393163636362,0.11352747994195826,1.7440722782608695,0.029714612071026516,0.17809547507886436,0.003117474882448733
102.84586699081555,13711.616678949511,56.959762059295784,7.293393163636362,0.1135102725824323,1.7440722782608695,0.029709682475460946,0.17809547507886436,0.003116943525082657
106.65471443763204,14219.419838253978,56.969156271426385,7.293393163636362,0.11349367909852891,1.7440722782608695,0.029704928877908886,0.17809547507886436,0.0031164311429859007
110.60462072616568,14746.02924445386,56.97821793312906,7.293393163636362,0.11347767761190312,1.7440722782608695,0.029700344996465834,0.17809547507886436,0.003115937058552293
114.70080990308766,15292.141377899454,56.98695871583191,7.293393163636362,0.11346224702242083,1.7440722782608695,0.029695924773333028,0.17809547507886436,0.0031154606183716608
118.9486994851374,15858.478512757489,56.99538988837177,7.293393163636362,0.11344736698058473,1.7440722782608695,0.02969166236683049,0.17809547507886436,0.003115001192365923
123.35390762419215,16445.789672272545,57.00352233038775,7.293393163636362,0.11343301786093027,1.7440722782608695,0.029687552143694288,0.17809547507886436,0.003114558172956035
127.9222605376952,17054.8516194066,57.01136654530437,7.293393163636362,0.11341918073635708,1.7440722782608695,0.02968358867164768,0.17809547507886436,0.0031141309742586548
132.65980021426262,17686.46988416592,57.01893267291371,7.293393163636362,0.11340583735336424,1.7440722782608695,0.029679766712236662,0.17809547507886436,0.003113719031311506
137.57279240466735,18341.47982897506,57.02623050156721,7.293393163636362,0.1133929701081574,1.7440722782608695,0.02967608121392039,0.17809547507886436,0.003113321799326377
142.66773490876162,19020.747753505915,57.0332694799866,7.293393163636362,0.11338056202359806,1.7440722782608695,0.02967252730540755,0.17809547507886436,0.0031129387529687997
147.95136616930438,19725.172040424,57.040058728704125,7.293393163636362,0.11336859672696516,1.7440722782608695,0.02966910028922983,0.17809547507886436,0.0031125693856634325
153.43067418405707,20455.684343566856,57.04660705114157,7.293393163636362,0.1133570584285012,1.7440722782608695,0.02966579563554427,0.17809547507886436,0.003112213208924254
159.1129057479315,21213.250820125726,57.052922944338064,7.293393163636362,0.11334593190071518,1.7440722782608695,0.029662608976156083,0.17809547507886436,0.0031118697517086543
165.00557603742095,21998.873408461037,57.059014609335776,7.293393163636362,0.11333520245841633,1.7440722782608695,0.029659536098754487,0.17809547507886436,0.0031115385597945975
171.11647854998088,22813.59115324055,57.06488996123326,7.293393163636362,0.11332485593945273,1.7440722782608695,0.029656572941353637,0.17809547507886436,0.0031112191951800155
177.4536954115153,23658.481579654042,57.07055663891547,7.293393163636362,0.11331487868613063,1.7440722782608695,0.029653715586931594,0.17809547507886436,0.003110911235503643
184.02560806559072,24534.662118520686,57.07602201446963,7.293393163636362,0.1133052575272902,1.7440722782608695,0.029650960258260195,0.17809547507886436,0.003110614273486531
190.84090835852356,25443.29158417508,57.081293202295775,7.293393163636362,0.11329597976101542,1.7440722782608695,0.029648303312919188,0.17809547507886436,0.0031103279163935023
197.90861003499845,26385.571707086063,57.08637706792097,7.293393163636362,0.11328703313795498,1.7440722782608695,0.029645741238487785,0.17809547507886436,0.0031100517855138306
205.23806065941758,27362.748723234872,57.09128023652553,7.293393163636362,0.11327840584523372,1.7440722782608695,0.029643270647907692,0.17809547507886436,0.0031097855156604613
212.83895397875727,28376.115022355876,57.09600910118982,7.293393163636362,0.11327008649093336,1.7440722782608695,0.02964088827501128,0.17809547507886436,0.003109528754687115
220.72134274327058,29427.01085721832,57.10056983086997,7.293393163636362,0.11326206408912254,1.7440722782608695,0.029638590970209065,0.17809547507886436,0.0031092811630226264
228.89565200200522,30516.82611621134,57.104968378110286,7.293393163636362,0.11325432804541732,1.7440722782608695,0.02963637569633094,0.17809547507886436,0.003109042413221917
237.372692890708,31647.002161574976,57.109210486500636,7.293393163636362,0.1132468681430529,1.7440722782608695,0.029634239524615535,0.17809547507886436,0.0031088121895329916
246.16367693036239,32819.033735709774,57.11330169788624,7.293393163636362,0.11323967452944911,1.7440722782608695,0.02963217963084256,0.17809547507886436,0.0031085901874794
255.28023085526536,34034.47093808569,57.11724735933753,7.293393163636362,0.11323273770325208,1.7440722782608695,0.029630193291603026,0.17809547507886436,0.0031083761134576065
264.73441199025035,35294.921275364155,57.12105262988742,7.293393163636362,0.11322604850183526,1.7440722782608695,0.029628277880702325,0.17809547507886436,0.003108169684348733
274.53872419740566,36602.051787446515,57.12472248704313,7.293393163636362,0.11321959808924385,1.7440722782608695,0.02962643086569165,0.17809547507886436,0.0031079706271441676
284.70613441336377,37957.591252258484,57.12826173307965,7.293393163636362,0.1132133779445668,1.7440722782608695,0.029624649804522965,0.17809547507886436,0.003107778678584538
295.25008979904953,39363.332472188886,57.13167500112154,7.293393163636362,0.11320737985072134,1.7440722782608695,0.02962293234232329,0.17809547507886436,0.003107593584811578
306.18453552455264,40821.13464520441,57.134966761019854,7.293393163636362,0.1132015958836357,1.7440722782608695,0.029621276208283975,0.17809547507886436,0.003107415101032425
317.5239332126632,42332.925823778685,57.1381413250305,7.293393163636362,0.11319601840181577,1.7440722782608695,0.02961967921266092,0.17809547507886436,0.0031072429911959
329.28328006544615,43900.70546488541,57.141202853300506,7.293393163636362,0.11319064003628218,1.7440722782608695,0.029618139243881708,0.17809547507886436,0.0031070770276803526
341.4781286991648,45526.547074430055,57.14415535916819,7.293393163636362,0.11318545368086465,1.7440722782608695,0.02961665426575593,0.17809547507886436,0.003106916990992643
354.12460771378227,47212.60094961688,57.147002714283175,7.293393163636362,0.1131804524828414,1.7440722782608695,0.029615222314785035,0.17809547507886436,0.0031067626694778866
367.2394430242367,48961.097022877286,57.14974865355227,7.293393163636362,0.11317562983391086,1.7440722782608695,0.029613841497568048,0.17809547507886436,0.0031066138590395464
380.83997998172174,50774.34781112311,57.15239677991656,7.293393163636362,0.11317097936148401,1.7440722782608695,0.029612509988299805,0.17809547507886436,0.003106470362869529
394.9442063142051,52654.75147422245,57.154950568965226,7.293393163636362,0.11316649492028691,1.7440722782608695,0.029611226026358572,0.17809547507886436,0.0031063319911879233
409.57077591655144,54604.79498674647,57.15741337339173,7.293393163636362,0.11316217058426079,1.7440722782608695,0.02960998791397949,0.17809547507886436,0.0031061985609920164
424.739033521689,56627.057427178624,57.159788427297016,7.293393163636362,0.11315800063875082,1.7440722782608695,0.029608794014011158,0.17809547507886436,0.0031060698958142877
440.4690402854685,58724.213388939235,57.16207885034515,7.293393163636362,0.11315397957297248,1.7440722782608695,0.029607642747752246,0.17809547507886436,0.003105945825489037
456.78160031904605,60899.03651773586,57.16428765177606,7.293393163636362,0.11315010207274546,1.7440722782608695,0.02960653259286515,0.17809547507886436,0.003105826185927345
473.698288203871,63154.403179916495,57.16641773428013,7.293393163636362,0.11314636301348664,1.7440722782608695,0.02960546208136424,0.17809547507886436,0.003105710818900073
491.24147752569155,65493.29626668025,57.16847189773925,7.293393163636362,0.11314275745345183,1.7440722782608695,0.02960442979767579,0.17809547507886436,0.003105599571828608
509.43437046528896,67918.80913917326,57.17045284283874,7.293393163636362,0.11313928062721813,1.7440722782608695,0.029603434376767105,0.17809547507886436,0.0031054922975830824
528.3010284851057,70434.14971969127,57.17236317455434,7.293393163636362,0.11313592793939846,1.7440722782608695,0.029602474502342494,0.17809547507886436,0.003105388854287801
547.8664041523235,73042.64473439608,57.1742054055188,7.293393163636362,0.11313269495857912,1.7440722782608695,0.02960154890510346,0.17809547507886436,0.0031052891051336047
568.1563741405033,75747.74411316018,57.175981959271475,7.293393163636362,0.11312957741147407,1.7440722782608695,0.029600656361071162,0.17809547507886436,0.0031051929181969535
589.1977734534269,78553.02555235778,57.17769517339558,7.293393163636362,0.11312657117728639,1.7440722782608695,0.029599795689968546,0.17809547507886436,0.0031051001662654506
611.0184309163886,81462.19924663477,57.17934730254626,7.293393163636362,0.1131236722822711,1.7440722782608695,0.02959896575366034,0.17809547507886436,0.00310501072666961
633.6472059819101,84479.11279592023,57.180940521373614,7.293393163636362,0.11312087689449121,1.7440722782608695,0.029598165454648624,0.17809547507886436,0.003104924481120623
657.1140268985152,87607.75629416385,57.18247692734382,7.293393163636362,0.1131181813187608,1.7440722782608695,0.029597393734622175,0.17809547507886436,0.0031048413155539277
681.4499302930893,90852.26760653526,57.18395854346224,7.293393163636362,0.1131155819917678,1.7440722782608695,0.029596649573057483,0.17809547507886436,0.003104761119978351
706.6871022191318,94216.9378420591,57.18538732090143,7.293393163636362,0.11311307547737104,1.7440722782608695,0.029595931985869798,0.17809547507886436,0.003104683788330654
732.858920725224,97706.21702892832,57.18676514153763,7.293393163636362,0.11311065846206413,1.7440722782608695,0.029595240024112204,0.17809547507886436,0.0031046092183352513
760.0,101324.72,57.188093820398514,7.293393163636362,0.11310832775060152,1.7440722782608695,0.029594572772721223,0.17809547507886436,0.0031045373113689637
